,,,,,,,,,,,,,,,,,,,,,14/12/2024,21/12/2024,28/12/2024,4/1/2025,11/1/2025,18/1/2025,25/1/2025,1/2/2025,8/2/2025,15/2/2025,22/2/2025,1/3/2025,4/3/2025,6/3/2025,7/3/2025,8/3/2025,11/3/2025,13/3/2025,14/3/2025,15/3/2025,18/3/2025,20/3/2025,21/3/2025,22/3/2025,25/3/2025,27/3/2025,28/3/2025,29/3/2025,1/4/2025,3/4/2025,4/4/2025,5/4/2025,8/4/2025,10/4/2025,11/4/2025,12/4/2025,15/4/2025,17/4/2025,18/4/2025,19/4/2025,22/4/2025,24/4/2025,25/4/2025,26/4/2025,30/4/2025,2/5/2025,3/5/2025,4/5/2025,6/5/2025,8/5/2025,9/5/2025,10/5/2025,20/5/2025,22/5/2025,23/5/2025,24/5/2025,27/5/2025,29/5/2025,30/5/2025,31/5/2025,3/6/2025,5/6/2025,6/6/2025,7/6/2025,10/6/2025,12/6/2025,13/6/2025,14/6/2025,17/6/2025,19/6/2025,20/6/2025,21/6/2025,24/6/2025,26/6/2025,27/6/2025,28/6/2025,1/7/2025,3/7/2025,4/7/2025,5/7/2025,8/7/2025,10/7/2025,11/7/2025,12/7/2025,15/7/2025,17/7/2025,18/7/2025,19/7/2025,22/7/2025,24/7/2025,25/7/2025,26/7/2025,29/7/2025,31/7/2025,1/8/2025,2/8/2025,5/8/2025,12/8/2025,14/8/2025,15/8/2025,16/8/2025,19/8/2025,21/8/2025,22/8/2025,23/8/2025,26/8/2025,28/8/2025,29/8/2025,30/8/2025,3/9/2025,5/9/2025,6/9/2025,7/9/2025,10/9/2025,12/9/2025,13/9/2025,14/9/2025,17/9/2025,19/9/2025,20/9/2025,21/9/2025,23/9/2025,25/9/2025,26/9/2025,27/9/2025,30/9/2025,2/10/2025,3/10/2025,4/10/2025,7/10/2025,9/10/2025,10/10/2025,11/10/2025,14/10/2025,21/10/2025,28/10/2025,4/11/2025,18/11/2025,25/11/2025,2/12/2025,9/12/2025,16/12/2025,23/12/2025,6/1/2026,13/1/2026,20/1/2026,3/2/2026,10/2/2026,17/2/2026,24/2/2026,3/3/2026,10/3/2026,17/3/2026,24/3/2026,31/3/2026,7/4/2026,14/4/2026,21/4/2026,28/4/2026,5/5/2026,12/5/2026,19/5/2026,26/5/2026,2/6/2026,9/6/2026,16/6/2026,23/6/2026,30/6/2026,7/7/2026,14/7/2026,21/7/2026,28/7/0206,4/8/2026,11/8/2026,18/8/2026,25/8/2026,1/9/2026,8/9/2026,15/9/2026,22/9/2026,29/9/2026,6/10/2026
Player,Atack,GM,Last,CX S end,CX 5-5,CX 3-6,CX 2-7,CX 30-7,CX 27-8,CX 24-9,CX 21-10,CX 19-11,CX 17-12,CX 14-1,CX 11/2,CX 11/3,CX 8/4,CX 6/5,CX 3/6,New CX,Testaments,Testaments,Testaments,Testaments,Testaments,Testaments,Testaments,Testaments,Testaments,Testaments,Testaments,Testaments,Tier 3,Day 1,Day 2,Day 3,Tier 4,Day 1,Day 2,Day 3,Tier 4,Day 1,Day 2,Day 3,Tier 4,Day 1,Day 2,Day 3,Tier 4,Day 1,Day 2,Day 3,Tier 4,Day 1,Day 2,Day 3,Tier 4,Day 1,Day 2,Day 3,Tier 5,Day 1,Day 2,Day 3,Tier 5,Day 1,Day 2,Day 3,Tier 5,Day 1,Day 2,Day 3,Tier 5,Day 1,Day 2,Day 3,Tier 6,Day 1,Day 2,Day 3,Tier 6,Day 1,Day 2,Day 3,Tier 6,Day 1,Day 2,Day 3,Tier 6,Day 1,Day 2,Day 3,Tier 6,Day 1,Day 2,Day 3,Tier 6,Day 1,Day 2,Day 3,Tier 6,Day 1,Day 2,Day 3,Tier 6,Day 1,Day 2,Day 3,Tier 7,Day 1,Day 2,Day 3,Tier 7,Day 1,Day 2,Day 3,Tier 7,Tier 7,Day 1,Day 2,Day 3,Tier 7,Day 1,Day 2,Day 3,Tier 8,Day 1,Day 2,Day 3,Tier 8,Day 1,Day 2,Day 3,Tier 8,Day 1,Day 2,Day 3,Tier 8,Day 1,Day 2,Day 3,Tier 9,Day 1,Day 2,Day 3,Tier 9,Day 1,Day 2,Day 3,Tier 9,Day 1,Day 2,Day 3,Tier 9,Tier 9,Tier 9,Tier 10,Tier 10,Tier 10,Tier 10,Tier 10,Tier 10,Tier 10,Tier 11,Tier 11,Tier 11,Tier 11,Tier 11,Tier 11,Tier 11,Tier 11,Tier 11,Tier 11,Tier 11,Tier 11,Tier 11,Tier 12,Tier 12,Tier 12,Tier 12,Tier 12,Tier 12,Tier 12,Tier 12,Tier 12,Tier 12,Tier 12,Tier 12,Tier 12,Tier 12,Tier 12,Tier 13,Tier 12,Tier 13,Tier 13,Tier 13,Tier 13,Tier 13,Tier 14,Tier 14,Tier 14,
Tancred,3041.7,L,,2800,2400,2600,2800,2200,2700,2800,2800,2800,2600,2800,2800,2800,2800,2700,2600,,78,50,50,50,50,50,50,50,50,50,100,98,450,308,494,364,283,435,460,459,285,205,234,208,295,233,225,226,311,287,297,253,317,336,259,214,317,266,339,248,320,529,310,280,322,406,550,1096,352,1258,1039,1071,362,938,942,1611,362,790,974,1123,362,524,704,1208,372,994,823,583,378,6179,5075,5746,381,,,,377,4417,3725,3523,385,2714,1792,1701,403,1382,2262,3420,408,1228,3390,3478,416,2562,4063,2707,468,477,2793,1858,2339,516,2213,530,854,528,3201,2410,2514,553,4191,2540,3664,588,2482,432,3049,613,532,531,2843,642,3224,4912,3009,696,2759,3294,2835,734,508,1102,1431,753,758,836,943,949,1083,1331,1356,1402,1586,1673,1680,1740,1915,1973,2081,2073,2100,2100,2100,2100,2100,2100,2348,2425,2450,2463,2491,2508,2544,2548,2558,2611,2658,2776,2826,2873,2882,2902,2937,2980,3081,3171,3192,3205,3238,3278,3409,1000
xenonex,2142.1,10,8/9,2600,2300,2300,2600,2100,2800,2800,2600,2800,2600,2500,2800,2700,2100,2100,1600,,,,,,,,,,,,38,41,143,146,162,152,157,157,162,161,178,140,151,127,180,150,146,147,202,155,155,148,204,161,157,148,218,162,173,163,235,171,167,163,237,181,176,190,255,198,187,187,271,213,210,265,276,192,215,222,279,183,186,218,290,207,197,187,289,720,533,667,300,,,,302,1410,2597,2441,309,622,434,424,331,407,665,985,342,401,2741,2198,343,920,2155,859,368,407,1583,686,1124,414,807,357,405,421,1563,1060,1160,429,2987,1056,2516,467,1483,345,1940,467,373,380,1868,501,2024,4131,2087,524,1770,2189,1762,535,375,403,551,534,542,585,595,685,717,748,848,874,998,1104,1511,1507,1575,1591,1610,1690,1763,1836,1926,1960,1997,2014,2058,2188,2210,2224,2229,2270,2293,2332,2447,2443,2442,2451,2502,2504,2570,2573,2592,2651,2735,2785,2860,2888,2896,2903,3005,500
RabidWombat42,2431.1,10,23/9,,1600,2700,2800,1400,1600,900,2800,2400,1700,2800,2700,2300,2600,2600,2600,,,,,,,,,,,,,,,,,,,,,,,,,,,,,,,,,,,,,,,,,,,,,,,,,,,,,,279,200,194,256,289,203,223,230,295,187,192,232,299,210,199,191,304,795,531,661,309,,,,342,2867,3210,3187,344,1370,836,824,364,667,1316,2083,367,680,3090,2879,375,1720,3065,1630,415,419,2097,1175,1578,422,1238,369,427,431,2158,1532,1574,437,3054,1260,2485,448,1400,342,1989,448,366,358,1865,469,1743,3835,1758,467,1128,1970,1629,494,361,368,529,499,521,524,582,594,603,630,617,665,777,,803,,839,887,1261,1313,1382,1347,1516,1526,1526,1549,1603,1770,1794,1810,1857,1886,1980,2002,2011,2002,2135,2150,2272,2300,2327,2312,2362,2392,2450,2472,2545,2557,2594,2626,2668,500
Brandorn,1447.7,4,8/9,600,1100,1000,1100,1500,1100,1100,1800,1700,1600,1300,1100,2000,1500,900,500,,,,45,46,46,46,46,47,50,50,57,58,182,169,176,167,164,181,,168,181,155,,152,182,160,155,160,197,163,163,160,,165,160,153,199,150,164,155,211,161,159,,213,165,171,180,241,189,183,183,236,187,186,,262,177,183,177,,172,175,191,276,182,171,163,281,374,309,,281,,,,,533,1110,,282,288,304,,292,297,322,370,309,295,1650,1255,311,510,1545,450,350,343,532,338,388,364,392,280,317,375,580,405,424,377,1618,378,1223,399,443,271,650,399,290,285,599,416,493,2670,656,415,441,0,395,419,284,284,325,425,425,0,540,551,553,559,,572,587,594,600,,621,642,662,718,772,827,875,880,1277,1392,1462,1543,1588,1640,1693,1782,1822,1885,1888,1926,1941,1940,1980,1996,2089,2097,2138,2190,2202,2214,2335,2326,2492,2498,2562,500
Fabs2195,1459.9,5,31/8,,2300,2500,1700,1500,1400,1700,1600,1200,1400,1000,1400,600,900,1000,300,,,,,,,,,,,,,,,,,,,,,,,,,,,,,,,,,,,,,,,,,,,,,,,,,,205,163,162,163,229,166,166,186,248,168,177,180,255,152,161,176,263,176,169,161,265,300,261,281,267,,,,270,496,656,932,275,306,297,300,293,311,334,407,311,315,1941,1306,317,447,1410,423,350,360,647,400,462,366,394,286,326,375,629,424,455,376,1597,382,1103,401,442,279,607,401,294,290,546,416,650,2566,619,415,441,789,535,424,294,309,366,426,434,445,545,554,554,564,567,,587,610,551,673,725,771,779,792,940,960,886,1093,1069,1112,1268,1498,1557,1717,1738,1786,1823,1869,1867,1921,1949,2025,2056,2086,2109,2090,2131,2188,2271,2337,2383,2389,2413,2447,2513,500
Oddery,1655.6,5,8/9,800,700,1000,1200,1000,1600,1400,1600,1800,1700,2100,1300,1800,2000,2300,1700,,,,39,41,40,42,45,45,45,48,48,47,137,143,156,,158,167,171,,177,143,151,,181,147,143,143,182,147,148,145,185,145,141,140,187,144,150,143,192,148,144,136,201,158,152,175,221,180,179,175,228,167,172,184,242,167,173,174,246,162,,180,255,163,162,153,263,274,254,282,274,,,,259,420,874,921,277,283,283,283,286,284,302,329,304,284,1440,751,306,356,1012,367,344,348,436,324,361,353,332,264,296,366,573,380,390,371,1198,346,1156,397,415,253,509,397,280,251,501,415,397,2563,497,416,387,526,364,415,280,280,324,421,426,429,535,545,547,554,564,,563,604,607,632,689,726,746,929,895,963,978,1000,1073,1199,1338,1444,1359,1537,1551,1592,1824,1919,1885,1931,1940,1951,1976,2024,2035,2040,2037,2167,2239,2237,2237,2286,2341,2409,2445,299
NBUNKNOWN,2010.1,4,16/9,1500,2400,1900,100,1000,1000,900,500,500,400,1300,500,1200,500,1000,400,,31,44,43,44,46,47,48,49,49,49,50,49,182,168,182,170,183,180,181,176,187,150,158,148,194,157,147,149,204,154,153,146,212,160,147,136,205,148,160,153,218,171,160,151,219,170,168,184,246,186,178,180,251,177,172,195,262,166,181,184,264,161,163,182,271,180,176,163,283,461,344,455,285,,,,286,757,1570,1466,288,299,291,290,289,305,331,381,316,296,2059,,,388,1239,373,342,344,438,326,349,354,326,281,296,364,373,317,336,354,,343,1007,392,370,252,301,392,264,255,477,411,370,2527,485,411,369,502,355,411,255,516,291,417,,418,511,510,,549,549,,565,571,577,586,602,749,788,784,804,872,851,848,1239,1256,1447,1597,1607,1654,1732,1800,1842,1883,1885,2005,2029,2054,2035,2106,2122,2111,2167,2168,2207,2273,2277,2305,2386,2399,2410,300
DannyLongpalms,1589.1,2,30/9,,,,,,,,,,,,,,,,,,,,,,,,,,,,,,,,,,,,,,,,,,,,,,,,,,,,,,,,,,,,,,,,,,,,,,,,,,,,,,,,,,,,,,,,,,,,,,,,,,,,,,,,,,,,,,,,,,,,,,,,,,,,,,,,,,,,,,,,,,,,,,,,,,,,,,,,,,,,,,,,,,,,,,,,,,,,,,,,,,,,,,,,,,,,,,1963,2098,2159,2166,2179,2168,2204,2251,2407,600
Curzon08,1337.8,5,16/9,,,,,,,,,,,,700,2800,2500,2700,2700,,,,,,,,,,,,,,,,,,,,,,,,,,,,,,,,,,,,,,,,,,,,,,,,,,,,,,,,,,,,,,,,,,,,,,,,,,,,,,,,,,,,,,,,,,,,,,,,,,,,,,,,,,,,,,,,,,,,,,,,,,,,,,,,,,,,,,,,,,,,,,,,,,,,,,,,570,579,594,590,601,666,676,760,744,903,972,1103,1491,1660,1672,1704,1751,1761,1854,1855,1891,1980,1959,2000,2131,2168,2277,2312,2329,2351,2370,200
Grabar69,1279.2,6,16/9,900,2000,1900,1000,1500,2100,1300,2000,2100,1100,1500,900,1200,1500,1000,200,,,,,,,,,,,,,,,,,,,,,,,,,,,,,,,,,,,,,,176,127,141,134,191,141,140,133,193,145,148,166,220,170,164,164,258,182,177,200,263,171,181,183,266,156,157,178,267,172,165,157,269,308,269,,271,,,,285,515,886,1068,285,340,296,295,300,,,376,314,300,2084,1455,317,445,1327,,344,352,611,,371,365,378,278,,373,603,400,,378,1673,408,1152,395,418,256,559,395,272,263,543,413,533,2564,0,417,471,660,0,418,281,279,327,423,425,423,533,,540,540,552,,,,,604,598,,650,682,,770,828,835,871,,907,990,,1527,1597,,1695,1724,1754,1783,1786,1796,1875,1907,1940,1958,1962,2048,2170,2204,2239,2254,2294,2339,2346,600
DollarHero,1785.4,10,30/9,2700,2200,2100,2500,1900,1700,2700,2000,2300,2500,2300,2700,2500,2200,1900,2300,,,,,,,,,,,,40,42,132,132,157,145,149,156,153,,152,106,117,104,163,114,107,110,183,139,140,126,189,141,124,114,194,135,148,141,209,145,147,140,216,162,161,175,222,181,171,171,257,182,181,198,262,169,180,183,261,151,160,175,267,170,164,153,280,358,266,314,280,,,,282,578,1352,1267,285,287,285,288,302,298,327,392,319,297,2217,1410,322,432,1394,416,340,364,552,344,388,362,338,276,296,380,453,343,365,375,1353,326,809,391,338,253,392,391,259,257,409,415,361,2282,454,417,343,493,335,424,280,280,279,422,425,438,542,535,540,552,561,,580,603,606,,653,610,696,735,792,807,851,892,885,919,932,969,,1169,1281,1304,1265,1354,1525,1681,1782,1722,1811,1828,1831,1896,1932,2004,2030,2038,2046,2051,2199,2224,2343,200
shruggie,1763.7,10,23/9,2800,2300,2600,2700,2200,2700,2800,2500,2700,2600,2700,2700,2600,2500,2700,2700,,,,,,,,,,,,31,47,138,140,157,144,149,166,166,,165,130,143,127,179,140,131,133,181,141,142,136,190,146,140,136,197,142,154,146,214,154,147,145,212,161,155,175,224,177,175,172,245,179,177,194,259,164,177,179,260,147,157,166,264,175,165,155,281,381,307,366,278,,,,274,595,1173,1023,285,293,295,297,304,299,333,387,317,296,2112,1475,322,411,1291,383,345,,511,342,378,369,341,278,299,374,472,353,371,376,1319,326,,386,337,260,408,386,267,261,441,407,339,2211,387,398,336,417,332,416,265,267,295,418,418,443,544,544,547,560,562,562,565,,669,,676,706,713,742,796,818,869,873,876,883,933,930,1174,1244,1287,1387,1519,1522,1640,1703,1706,1732,1750,1746,1751,1626,1544,1805,1926,2030,2052,2238,2261,2312,2339,
RavenSun,1906.5,1,8/9,,,,,,,,,,,,,,,,,,,,,,,,,,,,,,,,,,,,,,,,,,,,,,,,,,,,,,,,,,,,,,,,,,,,,,,,,,,,,,,,,,,,,,,,,,,,,,,,,,,,,,,,,,,,,,,,,,,,,,,,,,,,,,,,,,,,,,,,,,,,,,,,,,,,,,,,,,,,,,,,,,,,,,,,,,,,,,,,,,,,,,,,,,,,,,,,,,1854,1985,2023,2090,2210,
Efas,1704.8,9,31/8,2200,2000,2000,1800,2000,2300,2300,2300,2600,2300,2500,2500,2300,2500,2200,1900,,39,47,46,49,49,50,50,50,50,50,66,66,265,181,200,183,215,195,198,193,221,160,168,161,222,164,163,165,225,166,168,164,234,169,163,154,237,162,172,165,232,186,178,169,241,181,182,200,251,192,189,196,265,201,202,233,272,191,200,208,277,186,189,214,284,203,194,,286,570,481,,287,,,,,736,1638,1630,291,419,,,306,327,384,472,319,327,,1522,,,1463,556,357,,809,426,,371,,283,325,376,737,447,507,387,,512,1435,404,483,283,,404,281,280,681,421,479,0,0,424,530,797,480,425,0,636,378,422,424,425,518,537,538,542,559,,590,,629,,681,,734,736,,868,949,885,968,1006,1112,1097,,1237,1473,1485,1402,,1652,1697,,1675,1753,1684,1789,1824,1906,1906,1984,2000,2108,2152,2199,2207,2198,
medsockerpa,1560.1,10,30/9,2600,1200,2700,2800,2400,2800,2400,2700,1900,2600,2800,2700,2800,2400,2700,2800,,37,46,48,49,50,50,50,50,50,50,63,62,327,181,202,184,212,196,200,201,212,153,163,153,216,162,154,155,211,161,163,152,221,165,163,148,233,162,172,164,239,185,170,165,242,178,169,193,256,194,192,187,263,193,191,225,272,186,186,201,282,178,169,202,279,195,188,180,284,447,386,452,288,,,,289,914,1702,1535,293,405,328,326,307,325,377,477,315,321,2105,1457,318,539,1619,496,342,360,570,335,391,364,345,262,293,375,561,389,417,371,1656,389,1156,388,426,246,544,388,280,261,551,406,417,2573,520,416,419,643,412,420,263,261,302,425,425,430,536,,552,557,552,554,564,589,579,577,582,608,621,618,647,766,782,811,816,817,1082,1170,1254,1391,1498,1380,1573,1627,1691,1749,1824,1879,1916,1941,1944,2038,2025,2045,2065,2114,2122,2138,2156,2199,2175,
Riah5,972.2,7,31/8,,,,,900,2300,2600,2700,2600,2600,2400,2700,2400,2300,2400,2700,,,,,,,,,,,,,,,,,,,,,,,,,,,,,,,,,,,,,,,,,,,,,,,,,,,,,,,,,,,,,,,,,,,,,,,,,,,,,,,,,,,,,,,,,,,,,,,,,,,,,,,254,185,151,183,275,197,193,193,284,247,190,224,292,201,177,236,292,179,183,224,338,199,444,237,344,216,274,218,342,198,199,0,354,361,371,452,453,460,459,,475,478,488,486,496,501,528,546,585,595,597,598,602,604,609,619,641,713,738,823,850,874,896,907,967,1012,1100,1163,1222,1108,1129,1214,1346,1567,1827,1894,1943,1975,2011,2066,
Navacado,1160.1,7,8/9,,1500,1700,1700,1700,1500,2400,2500,2700,1200,1500,1600,1400,1700,700,,,,,,,,,,,,,,,,,,,,,,,,,,,,,,,,,,,,,,,,,,,,,,,,,,,,,,,255,182,183,211,266,183,189,191,270,168,169,187,273,182,180,167,274,393,305,375,277,,,,278,544,1241,1126,277,332,291,292,295,297,322,367,307,293,1911,1195,312,455,1453,425,341,348,442,322,357,361,378,280,317,373,535,380,392,376,1590,385,1058,391,436,245,536,391,268,268,380,403,422,2168,441,405,387,577,393,414,254,268,327,420,424,439,539,536,546,547,552,,578,595,598,,662,675,672,718,748,699,777,819,817,877,1002,1209,1269,1245,1407,1437,1637,1689,1717,1745,1757,1677,,,1742,,,,1741,1865,1882,1894,1922,1909,2045,
scubaman,1572.9,5,23/9,,900,1200,2500,1300,1800,2800,2300,1000,400,700,1100,700,800,600,200,,,,,,,,,,,,,,,,,,,,,,,,,,,,,,,,,,,,,,,,,,,,,,,,,,,,,,224,152,151,161,241,153,160,162,256,141,152,164,229,163,150,126,256,254,,,255,,,,251,333,447,524,254,285,,241,266,268,286,306,294,280,,691,295,286,465,264,308,,333,308,,326,283,215,282,344,294,294,385,355,1016,340,572,377,355,244,357,377,259,264,379,391,387,1816,390,400,343,377,347,402,255,272,288,402,416,432,499,,,528,543,528,516,,585,,568,589,591,531,,604,590,611,716,710,801,820,820,773,867,881,908,1114,1188,1167,1021,1316,1268,1392,1267,1516,1434,1529,1567,1712,1680,1802,1745,1728,1768,
Moosanator,988.4,2,16/9,,,,,,,,,,,,400,700,300,400,,,,,,,,,,,,,,,,,,,,,,,,,,,,,,,,,,,,,,,,,,,,,,,,,,,,,,,,,,,,,,,,,,,,,,,,,,,,,,,,,,,,,,,,,,,,,,,,,,,,,,,,,,,,,,,,,,,,,,,,,,,,,,,,,,,,,,,,,,,,,,,,,,,,,,,,,576,577,584,,592,599,615,621,736,727,776,764,790,812,856,895,922,932,1094,1185,1080,1158,1011,1402,1370,1430,,1546,1760,1735,1764,
Du9799,1659.2,9,16/8,2700,2100,2200,2600,2100,2600,2700,1500,300,2300,2400,2600,2400,2700,2500,2600,,,,,,,,,,30,34,18,22,88,105,,116,113,140,130,133,117,103,115,106,129,120,111,114,143,115,138,121,171,138,134,113,176,116,142,138,193,138,141,138,197,144,140,156,211,165,161,161,207,156,150,160,216,152,159,160,209,143,143,161,225,160,153,146,247,247,245,256,262,,,,264,396,726,744,271,267,254,273,281,280,285,304,296,287,1596,905,307,303,693,301,329,337,335,300,322,333,297,79,274,357,490,399,409,365,1558,361,1013,394,405,254,409,394,280,277,541,413,484,2655,539,409,439,630,405,403,280,588,359,412,428,439,539,,,,354,538,532,569,582,582,594,601,466,669,461,730,902,895,938,919,1076,886,,1381,1363,1427,1555,1545,1823,1857,1847,1891,1873,2052,2090,2127,2121,2121,2209,2239,2110,2327,2401,2468,1590,
KosmicSurvivor,891.5,3,31/8,,,,,,,,,,,,,,,2200,2100,,,,,,,,,,,,,,,,,,,,,,,,,,,,,,,,,,,,,,,,,,,,,,,,,,,,,,,,,,,,,,,,,,,,,,,,,,,,,,,,,,,,,,,,,,,,,,,,,,,,,,,,,,,,,,,,,,,,,,,,,,,,,,,,,,,,,,,,,,,,,,,,,,,,,,,,,,,,,,,,,428,444,463,475,511,518,534,551,573,576,612,612,629,726,823,1155,1214,1178,1335,1437,1560,1555,
UnstableFlux,971.1,1,31/8,,,,,,,,,,,,,,,,,,,,,,,,,,,,,,,,,,,,,,,,,,,,,,,,,,,,,,,,,,,,,,,,,,,,,,,,,,,,,,,,,,,,,,,,,,,,,,,,,,,,,,,,,,,,,,,,,,,,,,,,,,,,,,,,,,,,,,,,,,,,,,,,,,,,,,,,,,,,,,,,,,,,,,,,,,,,,,,,,,,,,,,,,,,,,,,818,881,1031,1234,1263,1366,1508,1517,
Tesstichol,1302.7,2,23/9,,,,,,,,,,,,,,,1600,1400,,,,,,,,,,,,,,,,,,,,,,,,,,,,,,,,,,,,,,,,,,,,,,,,,,,,,,,,,,,,,,,,,,,,,,,,,,,,,,,,,,,,,,,,,,,,,,,,,,,,,,,,,,,,,,,,,,,,,,,,,,,,,,,,,,,,,,,,,,,,,,,,,,,,,,,,,,,,,,,,,,,542,565,578,578,581,586,,591,603,604,615,597,615,933,995,1028,1073,1216,1101,1184,
Player 74010561,1171,5,16/9,1700,1000,1300,500,800,1300,700,1600,1700,900,1200,2200,1300,1200,1700,1800,,33,42,42,45,44,43,46,46,49,49,54,54,139,142,162,150,164,164,162,161,166,140,142,140,158,140,141,142,166,,143,141,170,141,137,140,176,140,,146,200,142,148,151,194,156,155,166,225,171,169,165,220,168,164,180,230,160,161,168,251,151,160,168,243,,157,152,253,,200,215,,,,,,,506,,257,265,,,270,,282,,,272,,,250,265,,,281,,284,260,,,267,,226,301,,264,,,432,251,315,,283,182,304,301,187,,,323,0,761,297,348,268,288,0,,174,189,0,346,,353,,449,461,440,480,460,476,484,484,,507,512,476,521,540,551,,,557,556,557,569,,572,577,589,590,610,585,598,613,600,618,666,687,799,717,717,717,628,733,680,1006,1116,1039,
TelurBasi,508.5,2,30/9,,,,,,,,,,,,,,,,,,,,,,,,,,,,,,,,,,,,,,,,,,,,,,,,,,,,,,,,,,,,,,,,,,,,,,,,,,,,,,,,,,,,,,,,,,,,,,,,,,,,,,,,,,,,,,,,,,,,,,,,,,,,,,,,,,,,,,,,,,,,,,,,,,,,,,,,,,,,,,,,,,,,,,,,,,,,,,,,,,,,,,,,,,,,,,,591,629,686,737,752,810,907,1008,
Fusillier,631,1,31/8,,,,,,,,,,,,,,,,,,,,,,,,,,,,,,,,,,,,,,,,,,,,,,,,,,,,,,,,,,,,,,,,,,,,,,,,,,,,,,,,,,,,,,,,,,,,,,,,,,,,,,,,,,,,,,,,,,,,,,,,,,,,,,,,,,,,,,,,,,,,,,,,,,,,,,,,,,,,,,,,,,,,,,,,,,,,,,,,,,,,,,,,,,,,,,,589,612,623,688,702,781,903,849,
engji,638.1,2,30/9,,,,,,,,,,,,,,,,,,,,,,,,,,,,,,,,,,,,,,,,,,,,,,,,,,,,,,,,,,,,,,,,,,,,,,,,,,,,,,,,,,,,,,,,,,,,,,,,,,,,,,,,,,,,,,,,,,,,,,,,,,,,,,,,,,,,,,,,,,,,,,,,,,,,,,,,,,,,,,,,,,,,,,,,,,,,,,,,,,,,,,,,,,,,,,563,582,612,621,621,633,693,718,808,
WencesX,810.3,,,100,,300,300,,,,,,,,,,,,100,,23,46,45,42,45,45,47,43,46,45,53,51,142,125,162,145,154,162,,162,164,111,131,110,163,122,112,117,167,127,,112,176,136,124,110,177,118,,122,187,149,130,122,,143,142,161,203,160,154,,207,150,149,165,213,145,152,143,207,140,152,162,240,155,157,146,245,222,,,246,,,,244,250,353,323,243,263,,,260,225,,286,258,212,530,,259,243,,230,276,,,223,,,240,204,,,256,251,255,319,307,,,,214,180,,319,183,172,,333,245,339,245,,0,225,0,,0,372,0,341,341,339,,,,431,426,,436,,,,470,475,470,487,,496,496,499,500,501,,564,567,563,571,578,580,,589,592,,,591,592,600,611,608,621,,623,689,,,690,760,
Player 48888738,1034.8,7,16/9,,1100,2700,2600,2300,2700,2500,2700,1500,2300,1300,1300,900,600,2400,1500,,,,,,,,,,,,,,,,,,,,,,,,,,,,,,,,,,,,,,,,,,,,,,,,,,,,,,198,157,153,165,226,133,142,155,229,120,141,148,237,147,140,129,233,202,197,181,241,,,,234,242,272,306,241,259,223,228,268,234,247,256,277,232,541,338,272,241,280,235,281,,246,234,260,284,237,213,,284,217,224,222,283,285,220,240,311,208,181,244,311,179,173,247,328,265,289,0,347,237,0,266,356,212,408,245,347,336,357,440,447,449,459,455,,475,,493,,498,504,498,509,,510,517,528,526,536,,552,583,575,575,596,592,589,598,604,596,606,600,608,604,614,609,623,643,668,,713,670,750,717,
AnaLog1,652.8,2,30/9,,,,,,,,,,,,,,,,,,,,,,,,,,,,,,,,,,,,,,,,,,,,,,,,,,,,,,,,,,,,,,,,,,,,,,,,,,,,,,,,,,,,,,,,,,,,,,,,,,,,,,,,,,,,,,,,,,,,,,,,,,,,,,,,,,,,,,,,,,,,,,,,,,,,,,,,,,,,,,,,,,,,,,,,,,,,,,,,,,,,,,,,,,,,,,,,599,603,,626,634,683,678,
CrumpetLord,,1,8/9,,,,,,,,,,,,,,,,,,,,,,,,,,,,,,,,,,,,,,,,,,,,,,,,,,,,,,,,,,,,,,,,,,,,,,,,,,,,,,,,,,,,,,,,,,,,,,,,,,,,,,,,,,,,,,,,,,,,,,,,,,,,,,,,,,,,,,,,,,,,,,,,,,,,,,,,,,,,,,,,,,,,,,,,,,,,,,,,,,,,,,,,,,,,,,,,,,500,499,509,501,547,
medi8or,697.2,2,23/9,,,,,,,,,,,,,,700,1400,,,,,,,,,,,,,,,,,,,,,,,,,,,,,,,,,,,,,,,,,,,,,,,,,,,,,,,,,,,,,,,,,,,,,,,,,,,,,,,,,,,,,,,,,,,,,,,,,,,,,,,,,,,,,,,,,,,,,,,,,,,,,,,,,,,,,,,,,,,,,,,,,,,,,,,,,,,,,,,322,404,413,403,422,418,448,470,,460,,489,472,486,487,514,493,,,,512,,526,533,534,
Palladino,1868.6,7,23/9,,,,,,,,,,300,2600,2600,2600,2500,2600,2300,,,,,,,,,,,,,,,,,,,,,,,,,,,,,,,,,,,,,,,,,,,,,,,,,,,,,,,,,,,,,,,,,,,,,,,,,,,,,,,,,,,,,,,,,,,,,,,,,,,,,,,,,,,,,,,,,,,,,,,,,,,,,,,,,,,,,,,,,,,,,,,,,,606,602,581,608,642,651,637,689,754,748,786,775,,845,,1022,997,1161,1006,1219,1135,1143,1076,1219,1308,1397,1306,1481,1404,1576,1689,1725,1736,1732,1740,1694,,
Hasbullhmagovedo,760.1,,,700,2100,2300,2100,700,100,100,,,,,100,,,,,,,,,,,,,,,,,,,,,,,,,,,,,,,,,,,,,,,,,,,,,,,,,,110,89,84,98,123,92,93,96,126,88,98,,132,97,,96,123,993,109,,140,109,103,94,169,60,,102,148,,,,149,,,,148,168,171,174,179,171,175,204,200,185,123,,,81,90,178,221,230,,136,,152,,63,70,144,89,,115,,145,,,237,66,85,,237,171,169,,175,0,0,0,194,0,0,0,175,0,0,0,179,295,297,391,304,289,,417,,411,,,,,,460,460,446,407,,462,,463,484,484,,,,,,,,516,510,,,,,,,,529,551,532,554,571,572,,
Neph5757,1075.4,1,12/7,,,,,,,,,,,,,,,1000,500,,,,,,,,,,,,,,,,,,,,,,,,,,,,,,,,,,,,,,,,,,,,,,,,,,,,,,,,,,,,,,,,,,,,,,,,,,,,,,,,,,,,,,,,,,,,,,,,,,,,,,,,,,,,,,,,,,,,,,,,,,,,,,,,,,,,,,,,,,,,,,,,,,,,,,,,,,,,,,,,,,697,649,638,791,804,740,807,745,759,747,679,793,702,856,878,,1187,,,,,
GamerLad,789.1,1,23/8,1800,1400,900,900,400,1200,,,,,,,,,,,,,,,,,,,,,,,,,,,,,,,,,,,,,,,,,,,,,,,,192,136,147,140,208,141,135,139,212,150,,,233,,,166,231,158,157,174,243,151,148,,242,,145,154,245,148,,132,248,212,,203,246,,,,251,255,374,,250,210,211,212,262,207,219,,279,203,,,,216,,,290,,,225,,290,206,,,307,,210,,310,,,242,305,213,168,,305,173,169,221,334,205,387,0,337,209,0,0,340,0,0,168,342,341,341,447,450,451,450,,,453,,473,,493,498,492,505,500,498,502,487,494,541,529,521,,,,539,,539,536,533,,,542,544,578,600,581,613,621,621,669,712,724,,,
MikkMokk08,644.3,,,,,,,,,,,,,,,,,,600,,,,,,,,,,,,,,,,,,,,,,,,,,,,,,,,,,,,,,,,,,,,,,,,,,,,,,,,,,,,,,,,,,,,,,,,,,,,,,,,,,,,,,,,,,,,,,,,,,,,,,,,,,,,,,,,,,,,,,,,,,,,,,,,,,,,,,,,,,,,,,,,,,,,,,,,,,,,,,,,,,,,,494,494,490,513,541,,,,,491,,,,,,,,,